{"cameraMode":{"drawMode":0,"name":"Shaded","section":"Shading Mode"},"sceneLighting":true,"audioPlay":false,"sceneViewState":{"m_AlwaysRefresh":false,"showFog":true,"showSkybox":true,"showFlares":true,"showImageEffects":true,"showParticleSystems":true,"showVisualEffectGraphs":true,"m_FxEnabled":true},"in2DMode":false,"pivot":{"x":12.161272048950196,"y":2.7018046379089357,"z":4.645633697509766},"rotation":{"x":0.007658140733838081,"y":-0.9683277010917664,"z":0.24777056276798249,"w":0.02992921881377697},"size":0.7291356921195984,"orthographic":false}