{"cameraMode":{"drawMode":0,"name":"Shaded","section":"Shading Mode"},"sceneLighting":false,"audioPlay":false,"sceneViewState":{"m_AlwaysRefresh":false,"showFog":true,"showSkybox":false,"showFlares":true,"showImageEffects":true,"showParticleSystems":true,"showVisualEffectGraphs":true,"m_FxEnabled":true},"in2DMode":false,"pivot":{"x":-0.2258000373840332,"y":0.27000001072883608,"z":0.9214000701904297},"rotation":{"x":0.3265034258365631,"y":0.10632046312093735,"z":-0.03699218109250069,"w":0.9384779930114746},"size":4.01458215713501,"orthographic":false}